#	Pvm	Kello	Ottelu	Tulos	JA/VL	Lisätiedot	Yleisöä
1.	To 10.09.	18:30	HPK - TPS	1-2	JA	Maalit | Kokoonpanot | Seuranta	3706
2.		18:30	Jokerit - HIFK	4-1		Maalit | Kokoonpanot | Seuranta	11512
3.		18:30	JYP - KalPa	1-4		Maalit | Kokoonpanot | Seuranta	4618
4.		18:30	SaiPa - Kärpät	4-0		Maalit | Kokoonpanot | Seuranta	3753
5.		18:30	Tappara - Ilves	2-5		Maalit | Kokoonpanot | Seuranta	6878
6.	Pe 11.09.	18:30	Ässät - Lukko	1-6		Maalit | Kokoonpanot | Seuranta	6109
7.	La 12.09.	17:00	Blues - Kärpät	2-3		Maalit | Kokoonpanot | Seuranta	4072
8.		17:00	HIFK - HPK	2-1		Maalit | Kokoonpanot | Seuranta	5737
9.		18:30	Ilves - Ässät	3-1		Maalit | Kokoonpanot | Seuranta	5992
10.		17:00	KalPa - Tappara	4-2		Maalit | Kokoonpanot | Seuranta	4797
11.		17:00	Lukko - SaiPa	6-2		Maalit | Kokoonpanot | Seuranta	3393
12.		17:00	Pelicans - JYP	2-0		Maalit | Kokoonpanot | Seuranta	4133
13.		17:00	TPS - Jokerit	4-1		Maalit | Kokoonpanot | Seuranta	7094
14.	Ti 15.09.	18:30	HIFK - SaiPa	3-1		Maalit | Kokoonpanot | Seuranta	4518
15.		18:30	Jokerit - KalPa	3-2	VL	Maalit | Kokoonpanot | Seuranta	6042
16.	To 17.09.	18:30	Jokerit - Lukko	0-5		Maalit | Kokoonpanot | Seuranta	6193
17.		18:30	JYP - Blues	3-6		Maalit | Kokoonpanot | Seuranta	3370
18.		18:30	Kärpät - KalPa	1-3		Maalit | Kokoonpanot | Seuranta	5378
19.		18:30	SaiPa - HPK	4-0		Maalit | Kokoonpanot | Seuranta	3058
20.		18:30	Tappara - Pelicans	3-1		Maalit | Kokoonpanot | Seuranta	4100
21.		18:30	TPS - Ilves	2-4		Maalit | Kokoonpanot | Seuranta	5359
22.	Pe 18.09.	18:30	Ässät - HIFK	3-4	JA	Maalit | Kokoonpanot | Seuranta	3840
23.	La 19.09.	17:00	Blues - Ässät	2-3	VL	Maalit | Kokoonpanot | Seuranta	3712
24.		17:00	HPK - Tappara	6-1		Maalit | Kokoonpanot | Seuranta	3369
25.		17:00	Ilves - JYP	4-1		Maalit | Kokoonpanot | Seuranta	6652
26.		17:00	KalPa - SaiPa	5-1		Maalit | Kokoonpanot | Seuranta	4632
27.		17:00	Kärpät - Jokerit	4-3	VL	Maalit | Kokoonpanot | Seuranta	5845
28.		17:00	Lukko - HIFK	4-2		Maalit | Kokoonpanot | Seuranta	4176
29.		18:30	Pelicans - TPS	2-10		Maalit | Kokoonpanot | Seuranta	3874
30.	Ti 22.09.	18:30	JYP - HPK	3-0		Maalit | Kokoonpanot | Seuranta	3345
31.		18:30	Pelicans - Lukko	3-7		Maalit | Kokoonpanot | Seuranta	3250
32.		18:30	TPS - Blues	3-2		Maalit | Kokoonpanot | Seuranta	5349
33.		18:30	Ässät - Tappara	1-4		Maalit | Kokoonpanot | Seuranta	3525
34.	To 24.09.	18:30	HIFK - Blues	7-0		Maalit | Kokoonpanot | Seuranta	5629
35.		18:30	HPK - Pelicans	4-0		Maalit | Kokoonpanot | Seuranta	3140
36.		18:30	KalPa - Ilves	3-1		Maalit | Kokoonpanot | Seuranta	4396
37.		18:30	Kärpät - Ässät	1-2	JA	Maalit | Kokoonpanot | Seuranta	5022
38.		18:30	Lukko - JYP	4-2		Maalit | Kokoonpanot | Seuranta	3802
39.		18:30	Tappara - Jokerit	5-1		Maalit | Kokoonpanot | Seuranta	4687
40.		18:30	TPS - SaiPa	5-2		Maalit | Kokoonpanot | Seuranta	5317
41.	Pe 25.09.	18:30	JYP - HIFK	3-4		Maalit | Kokoonpanot | Seuranta	3665
42.	La 26.09.	17:00	Blues - HPK	1-2		Maalit | Kokoonpanot | Seuranta	3683
43.		18:30	Ilves - Jokerit	1-3		Maalit | Kokoonpanot | Seuranta	6310
44.		17:00	Lukko - Kärpät	2-1		Maalit | Kokoonpanot | Seuranta	4603
45.		17:00	Pelicans - KalPa	3-1		Maalit | Kokoonpanot | Seuranta	3423
46.		17:00	SaiPa - Tappara	2-4		Maalit | Kokoonpanot | Seuranta	3577
47.		17:00	Ässät - TPS	7-3		Maalit | Kokoonpanot | Seuranta	3856
48.	Ti 29.09.	18:30	Kärpät - Ilves	0-3		Maalit | Kokoonpanot | Seuranta	4862
49.	To 01.10.	18:30	HPK - Ässät	5-3		Maalit | Kokoonpanot | Seuranta	3027
50.		18:30	SaiPa - Jokerit	3-2		Maalit | Kokoonpanot | Seuranta	3402
51.		18:30	Tappara - JYP	2-3	VL	Maalit | Kokoonpanot | Seuranta	4359
52.	Pe 02.10.	18:30	Ilves - HIFK	3-4		Maalit | Kokoonpanot | Seuranta	5918
53.		18:30	KalPa - Blues	5-2		Maalit | Kokoonpanot | Seuranta	4445
54.	La 03.10.	17:00	HPK - KalPa	1-0	VL	Maalit | Kokoonpanot | Seuranta	3228
55.		17:00	Kärpät - TPS	4-7		Maalit | Kokoonpanot | Seuranta	5251
56.		17:00	Lukko - Tappara	3-4	VL	Maalit | Kokoonpanot | Seuranta	4729
57.		18:30	Pelicans - Jokerit	4-2		Maalit | Kokoonpanot | Seuranta	4070
58.		17:00	Ässät - SaiPa	2-1	JA	Maalit | Kokoonpanot | Seuranta	3726
59.	Ti 06.10.	18:30	Blues - Ilves	4-1		Maalit | Kokoonpanot | Seuranta	3603
60.		18:30	HIFK - Jokerit	0-1	VL	Maalit | Kokoonpanot | Seuranta	7208
61.		18:30	JYP - Ässät	5-2		Maalit | Kokoonpanot | Seuranta	3737
62.		18:30	KalPa - Lukko	0-1		Maalit | Kokoonpanot | Seuranta	4503
63.		18:30	SaiPa - Pelicans	2-3	VL	Maalit | Kokoonpanot | Seuranta	3020
64.		18:30	TPS - HPK	2-1		Maalit | Kokoonpanot | Seuranta	5229
65.	Ke 07.10.	18:30	Tappara - Kärpät	3-6		Maalit | Kokoonpanot | Seuranta	4501
66.	To 08.10.	18:30	HIFK - KalPa	7-2		Maalit | Kokoonpanot | Seuranta	5664
67.		18:30	HPK - Kärpät	4-5	JA	Maalit | Kokoonpanot | Seuranta	3027
68.		18:30	Jokerit - TPS	1-3		Maalit | Kokoonpanot | Seuranta	7173
69.		18:30	Lukko - Blues	3-2	JA	Maalit | Kokoonpanot | Seuranta	3891
70.		18:30	Ässät - Pelicans	7-6	JA	Maalit | Kokoonpanot | Seuranta	3317
71.	Pe 09.10.	18:30	Ilves - Tappara	0-2		Maalit | Kokoonpanot | Seuranta	7600
72.		18:30	JYP - SaiPa	3-4		Maalit | Kokoonpanot | Seuranta	4012
73.	La 10.10.	17:00	KalPa - Ässät	4-5	JA	Maalit | Kokoonpanot | Seuranta	4299
74.		17:00	Kärpät - JYP	4-3		Maalit | Kokoonpanot | Seuranta	5808
75.		17:00	Pelicans - Ilves	3-6		Maalit | Kokoonpanot | Seuranta	4031
76.		18:30	TPS - HIFK	4-2		Maalit | Kokoonpanot | Seuranta	9094
77.	Ti 13.10.	18:30	Blues - Jokerit	6-2		Maalit | Kokoonpanot | Seuranta	5280
78.		18:30	Ilves - HPK	6-4		Maalit | Kokoonpanot | Seuranta	5895
79.		18:30	SaiPa - Lukko	1-2		Maalit | Kokoonpanot | Seuranta	2976
80.	To 15.10.	18:30	HIFK - Kärpät	4-3		Maalit | Kokoonpanot | Seuranta	6067
81.		18:30	HPK - SaiPa	2-1		Maalit | Kokoonpanot | Seuranta	3499
82.		18:30	Lukko - Ilves	3-2		Maalit | Kokoonpanot | Seuranta	4497
83.		18:30	Tappara - KalPa	0-3		Maalit | Kokoonpanot | Seuranta	5801
84.	Pe 16.10.	18:30	JYP - TPS	6-0		Maalit | Kokoonpanot | Seuranta	4344
85.		18:30	Pelicans - Blues	1-2		Maalit | Kokoonpanot | Seuranta	4008
86.		18:30	Ässät - Jokerit	4-0		Maalit | Kokoonpanot | Seuranta	4833
87.	La 17.10.	18:30	Blues - Tappara	4-2		Maalit | Kokoonpanot | Seuranta	4012
88.		17:00	HIFK - Lukko	2-3		Maalit | Kokoonpanot | Seuranta	7243
89.		17:00	KalPa - JYP	3-2	VL	Maalit | Kokoonpanot | Seuranta	5224
90.		17:00	Kärpät - SaiPa	3-0		Maalit | Kokoonpanot | Seuranta	5646
91.		18:30	TPS - Pelicans	3-2	VL	Maalit | Kokoonpanot | Seuranta	5913
92.	Ti 20.10.	18:30	Ilves - KalPa	1-4		Maalit | Kokoonpanot | Seuranta	5186
93.		18:30	SaiPa - Blues	3-4		Maalit | Kokoonpanot | Seuranta	2983
94.	Ke 21.10.	18:30	Jokerit - Kärpät	3-4		Maalit | Kokoonpanot | Seuranta	7596
95.	To 22.10.	18:30	JYP - Ilves	4-2		Maalit | Kokoonpanot | Seuranta	3754
96.		18:30	KalPa - TPS	3-2		Maalit | Kokoonpanot | Seuranta	4303
97.		18:30	Pelicans - HPK	4-3	VL	Maalit | Kokoonpanot | Seuranta	3965
98.		18:30	Tappara - HIFK	6-4		Maalit | Kokoonpanot | Seuranta	4875
99.	Pe 23.10.	18:30	Lukko - Ässät	4-2		Maalit | Kokoonpanot | Seuranta	5400
100.	La 24.10.	17:00	HIFK - JYP	3-4		Maalit | Kokoonpanot | Seuranta	6632
101.		17:00	HPK - Lukko	1-0		Maalit | Kokoonpanot | Seuranta	3850
102.		17:00	Jokerit - SaiPa	4-3		Maalit | Kokoonpanot | Seuranta	9238
103.		17:00	Kärpät - Pelicans	3-2		Maalit | Kokoonpanot | Seuranta	6278
104.		17:00	TPS - Tappara	3-2	JA	Maalit | Kokoonpanot | Seuranta	7109
105.		18:30	Ässät - Blues	2-1		Maalit | Kokoonpanot | Seuranta	3862
106.	Ti 27.10.	18:30	Ilves - Blues	2-3	JA	Maalit | Kokoonpanot | Seuranta	4841
107.		18:30	KalPa - HPK	2-3		Maalit | Kokoonpanot | Seuranta	3968
108.	To 29.10.	18:30	Blues - Kärpät	1-2		Maalit | Kokoonpanot | Seuranta	4486
109.		18:30	HIFK - Ässät	5-1		Maalit | Kokoonpanot | Seuranta	5673
110.		18:30	JYP - Jokerit	2-1		Maalit | Kokoonpanot | Seuranta	4349
111.		18:30	Lukko - TPS	5-1		Maalit | Kokoonpanot | Seuranta	4310
112.		18:30	SaiPa - Ilves	2-3		Maalit | Kokoonpanot | Seuranta	2975
113.	Pe 30.10.	18:30	Tappara - HPK	1-5		Maalit | Kokoonpanot | Seuranta	4499
114.	La 31.10.	17:00	HPK - Jokerit	4-3	JA	Maalit | Kokoonpanot | Seuranta	4320
115.		17:00	JYP - Tappara	3-2		Maalit | Kokoonpanot | Seuranta	4352
116.		18:30	KalPa - Pelicans	2-3	VL	Maalit | Kokoonpanot | Seuranta	4313
117.		17:00	Kärpät - Lukko	2-4		Maalit | Kokoonpanot | Seuranta	6614
118.		17:00	SaiPa - HIFK	2-6		Maalit | Kokoonpanot | Seuranta	4013
119.		17:00	TPS - Ässät	1-4		Maalit | Kokoonpanot | Seuranta	7114
120.	Ti 10.11.	18:30	Blues - TPS	4-3		Maalit | Kokoonpanot | Seuranta	4017
121.		18:30	Jokerit - Ilves	5-2		Maalit | Kokoonpanot | Seuranta	6531
122.		18:30	Kärpät - HPK	4-3		Maalit | Kokoonpanot | Seuranta	5567
123.		18:30	Lukko - KalPa	6-0		Maalit | Kokoonpanot | Seuranta	4008
124.		18:30	Pelicans - HIFK	2-4		Maalit | Kokoonpanot | Seuranta	4102
125.		18:30	SaiPa - JYP	3-4		Maalit | Kokoonpanot | Seuranta	2954
126.		18:30	Tappara - Ässät	5-2		Maalit | Kokoonpanot | Seuranta	6312
127.	Ke 11.11.	18:30	Ässät - KalPa	0-4		Maalit | Kokoonpanot | Seuranta	3430
128.	To 12.11.	18:30	Blues - Lukko	4-3	JA	Maalit | Kokoonpanot | Seuranta	3893
129.		18:30	HPK - JYP	1-4		Maalit | Kokoonpanot | Seuranta	3343
130.	Pe 13.11.	18:30	Ilves - Kärpät	5-6	VL	Maalit | Kokoonpanot | Seuranta	5956
131.		18:30	Jokerit - HIFK	0-4		Maalit | Kokoonpanot | Seuranta	13164
132.		18:30	Pelicans - Tappara	4-1		Maalit | Kokoonpanot | Seuranta	4046
133.	La 14.11.	17:00	HIFK - TPS	5-6	JA	Maalit | Kokoonpanot | Seuranta	7388
134.		17:00	HPK - Blues	0-2		Maalit | Kokoonpanot | Seuranta	3086
135.		17:00	JYP - Kärpät	5-1		Maalit | Kokoonpanot | Seuranta	4618
136.		16:00	Lukko - Pelicans	4-2		Maalit | Kokoonpanot | Seuranta	4345
137.		18:30	SaiPa - KalPa	5-1		Maalit | Kokoonpanot | Seuranta	3302
138.		17:00	Tappara - Ilves	2-5		Maalit | Kokoonpanot | Seuranta	7600
139.	Su 15.11.	17:00	Jokerit - Ässät	3-1		Maalit | Kokoonpanot | Seuranta	6874
140.	Ti 17.11.	18:30	Blues - Ilves	3-2	VL	Maalit | Kokoonpanot | Seuranta	3733
141.		18:30	TPS - Lukko	2-3		Maalit | Kokoonpanot | Seuranta	6329
142.		18:30	Ässät - HPK	2-1		Maalit | Kokoonpanot | Seuranta	3032
143.	To 19.11.	18:30	Blues - HIFK	3-4	VL	Maalit | Kokoonpanot | Seuranta	5941
144.		18:30	Kärpät - Tappara	3-2		Maalit | Kokoonpanot | Seuranta	5698
145.		18:30	Pelicans - SaiPa	3-5		Maalit | Kokoonpanot | Seuranta	3532
146.		18:30	TPS - JYP	2-5		Maalit | Kokoonpanot | Seuranta	5062
147.	Pe 20.11.	18:30	Ilves - Lukko	4-1		Maalit | Kokoonpanot | Seuranta	6398
148.		19:30	KalPa - Jokerit	0-2		Maalit | Kokoonpanot | Seuranta	5224
149.	La 21.11.	17:00	HIFK - Pelicans	3-0		Maalit | Kokoonpanot | Seuranta	6017
150.		18:30	HPK - Ilves	4-1		Maalit | Kokoonpanot | Seuranta	3317
151.		17:00	JYP - Lukko	2-3	JA	Maalit | Kokoonpanot | Seuranta	4560
152.		17:00	SaiPa - TPS	4-3		Maalit | Kokoonpanot | Seuranta	3419
153.		17:00	Tappara - Blues	3-0		Maalit | Kokoonpanot | Seuranta	4686
154.		17:00	Ässät - Kärpät	2-4		Maalit | Kokoonpanot | Seuranta	3961
155.	Ti 24.11.	18:30	Blues - SaiPa	2-1	JA	Maalit | Kokoonpanot | Seuranta	3685
156.		18:30	Jokerit - Pelicans	3-5		Maalit | Kokoonpanot | Seuranta	7331
157.	To 26.11.	18:30	HIFK - Tappara	3-2		Maalit | Kokoonpanot | Seuranta	7051
158.		18:30	Ilves - JYP	3-4	JA	Maalit | Kokoonpanot | Seuranta	5375
159.		18:30	Kärpät - Jokerit	4-1		Maalit | Kokoonpanot | Seuranta	6314
160.		18:30	Lukko - HPK	5-1		Maalit | Kokoonpanot | Seuranta	4670
161.		18:30	Pelicans - Ässät	1-2		Maalit | Kokoonpanot | Seuranta	3402
162.		18:30	TPS - KalPa	2-3		Maalit | Kokoonpanot | Seuranta	5164
163.	Pe 27.11.	18:30	Jokerit - Blues	5-2		Maalit | Kokoonpanot | Seuranta	7155
164.	La 28.11.	17:00	JYP - Pelicans	3-0		Maalit | Kokoonpanot | Seuranta	4002
165.		17:00	KalPa - Ilves	3-0		Maalit | Kokoonpanot | Seuranta	4217
166.		17:00	Kärpät - HIFK	1-2	VL	Maalit | Kokoonpanot | Seuranta	6614
167.		17:00	SaiPa - HPK	3-2	VL	Maalit | Kokoonpanot | Seuranta	3463
168.		18:30	Tappara - Lukko	4-2		Maalit | Kokoonpanot | Seuranta	6043
169.		17:00	Ässät - TPS	4-2		Maalit | Kokoonpanot | Seuranta	4027
170.	Ti 01.12.	18:30	Blues - JYP	3-2		Maalit | Kokoonpanot | Seuranta	4009
171.		18:30	HIFK - Ässät	2-1		Maalit | Kokoonpanot | Seuranta	5382
172.		18:30	Lukko - Jokerit	0-2		Maalit | Kokoonpanot | Seuranta	4004
173.	To 03.12.	18:30	HIFK - Jokerit	3-2	VL	Maalit | Kokoonpanot | Seuranta	8200
174.		18:30	Ilves - SaiPa	1-4		Maalit | Kokoonpanot | Seuranta	4949
175.		18:30	KalPa - Tappara	5-2		Maalit | Kokoonpanot | Seuranta	3930
176.		18:30	TPS - Kärpät	5-3		Maalit | Kokoonpanot | Seuranta	5086
177.	Pe 04.12.	18:30	HPK - Pelicans	1-5		Maalit | Kokoonpanot | Seuranta	3316
178.	La 05.12.	17:00	Jokerit - HPK	2-1		Maalit | Kokoonpanot | Seuranta	7363
179.		17:00	JYP - SaiPa	5-2		Maalit | Kokoonpanot | Seuranta	4083
180.		17:00	Kärpät - Blues	4-3	JA	Maalit | Kokoonpanot | Seuranta	6122
181.		18:30	Lukko - HIFK	6-2		Maalit | Kokoonpanot | Seuranta	4075
182.		17:00	Pelicans - KalPa	4-2		Maalit | Kokoonpanot | Seuranta	4109
183.		17:00	Tappara - TPS	6-3		Maalit | Kokoonpanot | Seuranta	5174
184.		17:00	Ässät - Ilves	5-4		Maalit | Kokoonpanot | Seuranta	3844
185.	Ti 08.12.	18:30	Blues - TPS	1-4		Maalit | Kokoonpanot | Seuranta	3766
186.		18:30	HPK - Tappara	3-2	JA	Maalit | Kokoonpanot | Seuranta	3472
187.		18:30	Ilves - Pelicans	2-4		Maalit | Kokoonpanot | Seuranta	5136
188.		18:30	Jokerit - JYP	4-2		Maalit | Kokoonpanot | Seuranta	7656
189.		18:30	KalPa - HIFK	4-0		Maalit | Kokoonpanot | Seuranta	4366
190.		18:30	Lukko - Kärpät	3-1		Maalit | Kokoonpanot | Seuranta	4008
191.		18:30	SaiPa - Ässät	4-2		Maalit | Kokoonpanot | Seuranta	3107
192.	To 10.12.	18:30	Blues - KalPa	0-3		Maalit | Kokoonpanot | Seuranta	4144
193.		18:30	Pelicans - Kärpät	0-5		Maalit | Kokoonpanot | Seuranta	4173
194.		18:30	Tappara - SaiPa	6-1		Maalit | Kokoonpanot | Seuranta	4443
195.		18:30	Ässät - Jokerit	2-3	JA	Maalit | Kokoonpanot | Seuranta	3457
196.	Pe 11.12.	18:30	HIFK - Ilves	4-3	VL	Maalit | Kokoonpanot | Seuranta	5852
197.		18:30	JYP - HPK	5-1		Maalit | Kokoonpanot | Seuranta	4194
198.		18:30	TPS - Lukko	4-1		Maalit | Kokoonpanot | Seuranta	8126
199.	La 12.12.	17:00	HPK - HIFK	4-1		Maalit | Kokoonpanot | Seuranta	4817
200.		17:00	Ilves - TPS	2-4		Maalit | Kokoonpanot | Seuranta	4944
201.		17:00	Jokerit - Tappara	2-4		Maalit | Kokoonpanot | Seuranta	8398
202.		18:30	KalPa - Kärpät	1-0		Maalit | Kokoonpanot | Seuranta	4740
203.		17:00	Lukko - Blues	1-2		Maalit | Kokoonpanot | Seuranta	3842
204.		17:00	SaiPa - Pelicans	5-4	JA	Maalit | Kokoonpanot | Seuranta	3702
205.		17:00	Ässät - JYP	3-0		Maalit | Kokoonpanot | Seuranta	4009
206.	La 26.12.	17:00	HPK - Blues	3-1		Maalit | Kokoonpanot | Seuranta	3354
207.		18:30	Ilves - Tappara	5-2		Maalit | Kokoonpanot | Seuranta	7600
208.		17:00	KalPa - SaiPa	3-2	VL	Maalit | Kokoonpanot | Seuranta	5224
209.		17:00	Lukko - Ässät	1-0		Maalit | Kokoonpanot | Seuranta	5400
210.		17:00	Pelicans - JYP	2-1	VL	Maalit | Kokoonpanot | Seuranta	4463
211.	Su 27.12.	17:00	TPS - Kärpät	3-1		Maalit | Kokoonpanot | Seuranta	7135
212.	Ti 29.12.	18:30	Blues - SaiPa	2-3	JA	Maalit | Kokoonpanot | Seuranta	4526
213.		18:30	Jokerit - TPS	2-3		Maalit | Kokoonpanot | Seuranta	7932
214.		18:30	JYP - HIFK	4-3		Maalit | Kokoonpanot | Seuranta	4502
215.		18:30	Kärpät - Ilves	6-4		Maalit | Kokoonpanot | Seuranta	6204
216.		18:30	Lukko - KalPa	2-3	JA	Maalit | Kokoonpanot | Seuranta	4424
217.		18:30	Tappara - Pelicans	5-3		Maalit | Kokoonpanot | Seuranta	5410
218.		18:30	Ässät - HPK	8-1		Maalit | Kokoonpanot | Seuranta	3965
219.	La 02.01.	18:30	HIFK - Kärpät	0-2		Maalit | Kokoonpanot | Seuranta	7521
220.		17:00	HPK - TPS	3-4	VL	Maalit | Kokoonpanot | Seuranta	4062
221.		17:00	KalPa - Jokerit	3-0		Maalit | Kokoonpanot | Seuranta	5224
222.		17:00	Pelicans - Ilves	5-2		Maalit | Kokoonpanot | Seuranta	3950
223.		17:00	SaiPa - Lukko	2-1	VL	Maalit | Kokoonpanot | Seuranta	3926
224.		17:00	Tappara - JYP	2-5		Maalit | Kokoonpanot | Seuranta	5726
225.		17:00	Ässät - Blues	5-2		Maalit | Kokoonpanot | Seuranta	4538
226.	Ti 05.01.	18:30	HIFK - Tappara	4-6		Maalit | Kokoonpanot | Seuranta	6629
227.		18:30	Jokerit - Lukko	6-3		Maalit | Kokoonpanot | Seuranta	7096
228.	To 07.01.	18:30	HPK - KalPa	4-1		Maalit | Kokoonpanot | Seuranta	3051
229.		18:30	Ilves - SaiPa	1-2		Maalit | Kokoonpanot | Seuranta	4803
230.		18:30	Jokerit - Pelicans	6-0		Maalit | Kokoonpanot | Seuranta	7692
231.		18:30	Kärpät - Ässät	3-1		Maalit | Kokoonpanot | Seuranta	4655
232.	Pe 08.01.	18:30	Blues - Tappara	1-4		Maalit | Kokoonpanot | Seuranta	4339
233.		18:30	TPS - HIFK	1-4		Maalit | Kokoonpanot | Seuranta	8513
234.	La 09.01.	17:00	Jokerit - HPK	3-0		Maalit | Kokoonpanot | Seuranta	7079
235.		17:00	KalPa - JYP	1-2	JA	Maalit | Kokoonpanot | Seuranta	5224
236.		17:00	Lukko - Ilves	3-2		Maalit | Kokoonpanot | Seuranta	4365
237.		17:00	Pelicans - Blues	4-3	VL	Maalit | Kokoonpanot | Seuranta	3672
238.		17:00	SaiPa - TPS	4-3		Maalit | Kokoonpanot | Seuranta	4825
239.		18:30	Tappara - Kärpät	4-1		Maalit | Kokoonpanot | Seuranta	6025
240.		17:00	Ässät - HIFK	6-2		Maalit | Kokoonpanot | Seuranta	5158
241.	Ti 12.01.	18:30	Blues - Jokerit	2-3	JA	Maalit | Kokoonpanot | Seuranta	4423
242.		18:30	HPK - SaiPa	2-4		Maalit | Kokoonpanot | Seuranta	3278
243.		18:30	Ilves - KalPa	5-6		Maalit | Kokoonpanot | Seuranta	4750
244.		18:30	Kärpät - JYP	2-3	JA	Maalit | Kokoonpanot | Seuranta	5170
245.		18:30	Pelicans - Lukko	3-4	JA	Maalit | Kokoonpanot | Seuranta	3257
246.		18:30	TPS - Ässät	4-5		Maalit | Kokoonpanot | Seuranta	4461
247.	To 14.01.	18:30	HIFK - Blues	3-2		Maalit | Kokoonpanot | Seuranta	6077
248.		18:30	KalPa - Pelicans	5-3		Maalit | Kokoonpanot | Seuranta	3553
249.		18:30	SaiPa - Kärpät	0-3		Maalit | Kokoonpanot | Seuranta	3551
250.		18:30	Tappara - Ässät	4-3		Maalit | Kokoonpanot | Seuranta	5477
251.	Pe 15.01.	18:30	Jokerit - Kärpät	4-1		Maalit | Kokoonpanot | Seuranta	9076
252.		18:30	JYP - HPK	1-0	VL	Maalit | Kokoonpanot | Seuranta	4146
253.		18:30	Lukko - TPS	5-2		Maalit | Kokoonpanot | Seuranta	3794
254.	La 16.01.	17:00	Blues - Lukko	2-4		Maalit | Kokoonpanot | Seuranta	4496
255.		17:00	Ilves - HPK	2-5		Maalit | Kokoonpanot | Seuranta	5632
256.		17:00	Pelicans - HIFK	3-4	VL	Maalit | Kokoonpanot | Seuranta	4910
257.		17:00	SaiPa - Tappara	1-3		Maalit | Kokoonpanot | Seuranta	4580
258.		17:00	TPS - KalPa	3-4		Maalit | Kokoonpanot | Seuranta	4567
259.		18:30	Ässät - JYP	2-1	VL	Maalit | Kokoonpanot | Seuranta	3862
260.	Ti 19.01.	18:30	Jokerit - Ilves	5-4		Maalit | Kokoonpanot | Seuranta	6317
261.	Ke 20.01.	18:30	Kärpät - Lukko	3-2	JA	Maalit | Kokoonpanot | Seuranta	5583
262.	To 21.01.	18:30	HIFK - Ilves	6-1		Maalit | Kokoonpanot | Seuranta	5419
263.		18:30	JYP - Blues	2-3	JA	Maalit | Kokoonpanot | Seuranta	3904
264.		18:30	KalPa - Ässät	5-3		Maalit | Kokoonpanot | Seuranta	3767
265.		18:30	Pelicans - SaiPa	5-2		Maalit | Kokoonpanot | Seuranta	3166
266.		18:30	Tappara - Jokerit	2-1	JA	Maalit | Kokoonpanot | Seuranta	6106
267.	La 23.01.	17:00	HPK - Ässät	5-3		Maalit | Kokoonpanot | Seuranta	3824
268.		17:00	Ilves - Blues	1-3		Maalit | Kokoonpanot | Seuranta	4976
269.		17:00	Jokerit - JYP	1-3		Maalit | Kokoonpanot | Seuranta	9947
270.		17:00	Kärpät - Pelicans	5-6		Maalit | Kokoonpanot | Seuranta	5538
271.		16:00	Lukko - HIFK	6-2		Maalit | Kokoonpanot | Seuranta	4581
272.		17:00	SaiPa - KalPa	5-1		Maalit | Kokoonpanot | Seuranta	3478
273.		18:30	TPS - Tappara	4-3	VL	Maalit | Kokoonpanot | Seuranta	6791
274.	Ti 26.01.	18:30	Blues - HPK	3-2		Maalit | Kokoonpanot | Seuranta	3716
275.		18:30	Jokerit - Ässät	3-0		Maalit | Kokoonpanot | Seuranta	7886
276.	To 28.01.	18:30	Blues - TPS	3-2	VL	Maalit | Kokoonpanot | Seuranta	4083
277.		18:30	HIFK - SaiPa	3-2		Maalit | Kokoonpanot | Seuranta	5574
278.		18:30	Ilves - Pelicans	5-3		Maalit | Kokoonpanot | Seuranta	4442
279.		18:30	KalPa - Kärpät	3-2	JA	Maalit | Kokoonpanot | Seuranta	4200
280.		18:30	Ässät - Jokerit	2-4		Maalit | Kokoonpanot | Seuranta	3109
281.	Pe 29.01.	18:30	JYP - Ilves	3-2	JA	Maalit | Kokoonpanot | Seuranta	4074
282.		18:30	Pelicans - HPK	1-3		Maalit | Kokoonpanot | Seuranta	4043
283.		18:30	Tappara - Lukko	5-3		Maalit | Kokoonpanot | Seuranta	6042
284.	La 30.01.	17:00	Blues - KalPa	2-3		Maalit | Kokoonpanot | Seuranta	5159
285.		17:00	HPK - Tappara	5-4		Maalit | Kokoonpanot | Seuranta	4495
286.		17:00	Kärpät - HIFK	4-2		Maalit | Kokoonpanot | Seuranta	6614
287.		18:30	Lukko - JYP	1-2		Maalit | Kokoonpanot | Seuranta	4195
288.		17:00	SaiPa - Ässät	0-2		Maalit | Kokoonpanot | Seuranta	4120
289.		17:00	TPS - Jokerit	3-2		Maalit | Kokoonpanot | Seuranta	7528
290.	Ti 02.02.	18:30	HIFK - KalPa	2-5		Maalit | Kokoonpanot | Seuranta	5943
291.		18:30	JYP - Pelicans	2-5		Maalit | Kokoonpanot | Seuranta	3784
292.		18:30	Lukko - HPK	2-4		Maalit | Kokoonpanot | Seuranta	4011
293.		18:30	Tappara - Blues	2-3	VL	Maalit | Kokoonpanot | Seuranta	5903
294.		18:30	TPS - SaiPa	5-2		Maalit | Kokoonpanot | Seuranta	4547
295.		18:30	Ässät - Kärpät	2-0		Maalit | Kokoonpanot | Seuranta	3237
296.	To 04.02.	18:30	Blues - Ässät	4-3	VL	Maalit | Kokoonpanot | Seuranta	3742
297.		18:30	HIFK - JYP	3-0		Maalit | Kokoonpanot | Seuranta	6305
298.		18:30	Ilves - Lukko	1-3		Maalit | Kokoonpanot | Seuranta	4990
299.		18:30	KalPa - HPK	2-1		Maalit | Kokoonpanot | Seuranta	3962
300.		18:30	Kärpät - TPS	3-4		Maalit | Kokoonpanot | Seuranta	5229
301.	Pe 05.02.	18:30	JYP - KalPa	5-2		Maalit | Kokoonpanot | Seuranta	4618
302.		18:30	Pelicans - Tappara	5-4		Maalit | Kokoonpanot | Seuranta	4203
303.		18:30	SaiPa - Jokerit	4-2		Maalit | Kokoonpanot | Seuranta	4072
304.	La 06.02.	18:30	HPK - HIFK	4-2		Maalit | Kokoonpanot | Seuranta	3931
305.		17:00	Kärpät - Blues	1-3		Maalit | Kokoonpanot | Seuranta	5310
306.		17:00	Tappara - SaiPa	2-3	JA	Maalit | Kokoonpanot | Seuranta	4496
307.		17:00	TPS - Ilves	2-5		Maalit | Kokoonpanot | Seuranta	5884
308.		17:00	Ässät - Lukko	2-1	VL	Maalit | Kokoonpanot | Seuranta	6227
309.	Ti 09.02.	18:30	HIFK - Blues	3-2		Maalit | Kokoonpanot | Seuranta	5542
310.		18:30	JYP - Tappara	6-3		Maalit | Kokoonpanot | Seuranta	3565
311.		18:30	KalPa - TPS	2-4		Maalit | Kokoonpanot | Seuranta	4006
312.		18:30	Lukko - Jokerit	3-2		Maalit | Kokoonpanot | Seuranta	3645
313.		18:30	Pelicans - Ässät	3-7		Maalit | Kokoonpanot | Seuranta	3502
314.		18:30	SaiPa - HPK	2-6		Maalit | Kokoonpanot | Seuranta	3133
315.	Ke 10.02.	18:30	Ilves - Kärpät	4-2		Maalit | Kokoonpanot | Seuranta	4774
316.	To 11.02.	18:30	HPK - Kärpät	3-4		Maalit | Kokoonpanot | Seuranta	3689
317.		18:30	Jokerit - HIFK	2-4		Maalit | Kokoonpanot | Seuranta	13426
318.		18:30	SaiPa - JYP	4-1		Maalit | Kokoonpanot | Seuranta	2861
319.		18:30	TPS - Pelicans	0-4		Maalit | Kokoonpanot | Seuranta	4259
320.	Pe 12.02.	18:30	Tappara - KalPa	3-4		Maalit | Kokoonpanot | Seuranta	5820
321.		18:30	Ässät - Ilves	1-2		Maalit | Kokoonpanot | Seuranta	4616
322.	La 13.02.	17:00	HIFK - Ässät	3-1		Maalit | Kokoonpanot | Seuranta	7233
323.		17:00	Ilves - SaiPa	1-4		Maalit | Kokoonpanot | Seuranta	5224
324.		18:30	JYP - TPS	5-2		Maalit | Kokoonpanot | Seuranta	3881
325.		17:00	Kärpät - Jokerit	3-5		Maalit | Kokoonpanot | Seuranta	6343
326.		17:00	Lukko - Pelicans	2-1	JA	Maalit | Kokoonpanot | Seuranta	4304
327.	Ti 16.02.	18:30	HPK - Ilves	3-2		Maalit | Kokoonpanot | Seuranta	3841
328.		18:30	Jokerit - Blues	1-3		Maalit | Kokoonpanot | Seuranta	9312
329.		18:30	JYP - Kärpät	1-0		Maalit | Kokoonpanot | Seuranta	3838
330.		18:30	Pelicans - KalPa	1-2		Maalit | Kokoonpanot | Seuranta	3452
331.		18:30	Tappara - HIFK	1-5		Maalit | Kokoonpanot | Seuranta	5195
332.		18:30	TPS - Lukko	1-5		Maalit | Kokoonpanot | Seuranta	5617
333.	To 18.02.	18:30	Blues - JYP	3-4		Maalit | Kokoonpanot | Seuranta	4418
334.		18:30	HIFK - Pelicans	4-2		Maalit | Kokoonpanot | Seuranta	5053
335.		18:30	Ilves - Jokerit	1-4		Maalit | Kokoonpanot | Seuranta	4717
336.		18:30	KalPa - SaiPa	5-3		Maalit | Kokoonpanot | Seuranta	3538
337.		18:30	Kärpät - Tappara	4-2		Maalit | Kokoonpanot | Seuranta	4965
338.	Pe 19.02.	18:30	JYP - Lukko	4-2		Maalit | Kokoonpanot | Seuranta	4020
339.		18:30	Ässät - TPS	0-1		Maalit | Kokoonpanot | Seuranta	4889
340.	La 20.02.	18:30	Kärpät - KalPa	3-2	VL	Maalit | Kokoonpanot | Seuranta	5550
341.		17:00	Pelicans - Ilves	4-1		Maalit | Kokoonpanot | Seuranta	3865
342.		17:00	SaiPa - HIFK	5-2		Maalit | Kokoonpanot | Seuranta	4121
343.		17:00	Tappara - HPK	3-4		Maalit | Kokoonpanot | Seuranta	4658
344.		17:00	TPS - Blues	4-3		Maalit | Kokoonpanot | Seuranta	5038
345.	Ti 02.03.	18:30	Blues - Pelicans	2-4		Maalit | Kokoonpanot | Seuranta	4048
346.		18:30	HIFK - TPS	3-2		Maalit | Kokoonpanot | Seuranta	5940
347.		18:30	HPK - Jokerit	4-3		Maalit | Kokoonpanot | Seuranta	3692
348.		18:30	Ilves - JYP	1-3		Maalit | Kokoonpanot | Seuranta	4575
349.		18:30	KalPa - Lukko	3-2	JA	Maalit | Kokoonpanot | Seuranta	4380
350.		18:30	Kärpät - SaiPa	1-2		Maalit | Kokoonpanot | Seuranta	5288
351.		18:30	Ässät - Tappara	1-4		Maalit | Kokoonpanot | Seuranta	3984
352.	To 04.03.	18:30	Jokerit - Tappara	3-4		Maalit | Kokoonpanot | Seuranta	9212
353.		18:30	JYP - KalPa	2-1		Maalit | Kokoonpanot | Seuranta	4618
354.		18:30	Pelicans - Kärpät	2-5		Maalit | Kokoonpanot | Seuranta	4103
355.		18:30	SaiPa - Blues	2-3	JA	Maalit | Kokoonpanot | Seuranta	3663
356.	Pe 05.03.	18:30	Blues - Kärpät	3-1		Maalit | Kokoonpanot | Seuranta	5271
357.		18:30	Ilves - HIFK	1-4		Maalit | Kokoonpanot | Seuranta	4540
358.		18:30	Lukko - Ässät	5-4	VL	Maalit | Kokoonpanot | Seuranta	5400
359.		18:30	TPS - HPK	1-2		Maalit | Kokoonpanot | Seuranta	5030
360.	La 06.03.	18:30	HIFK - Lukko	3-2		Maalit | Kokoonpanot | Seuranta	7243
361.		17:00	HPK - JYP	2-3		Maalit | Kokoonpanot | Seuranta	4055
362.		17:00	Jokerit - SaiPa	2-3		Maalit | Kokoonpanot | Seuranta	8044
363.		17:00	KalPa - Ilves	5-3		Maalit | Kokoonpanot | Seuranta	4383
364.		17:00	Tappara - TPS	2-3		Maalit | Kokoonpanot | Seuranta	6235
365.		17:00	Ässät - Pelicans	5-3		Maalit | Kokoonpanot | Seuranta	6484
366.	Ti 09.03.	18:30	Ilves - Ässät	7-1		Maalit | Kokoonpanot | Seuranta	4284
367.		18:30	KalPa - HIFK	4-2		Maalit | Kokoonpanot | Seuranta	4519
368.		18:30	Kärpät - HPK	0-4		Maalit | Kokoonpanot | Seuranta	5593
369.		18:30	Lukko - Blues	0-3		Maalit | Kokoonpanot | Seuranta	4281
370.		18:30	Pelicans - Jokerit	3-4		Maalit | Kokoonpanot | Seuranta	3827
371.		18:30	SaiPa - Tappara	1-2		Maalit | Kokoonpanot | Seuranta	3609
372.		18:30	TPS - JYP	2-0		Maalit | Kokoonpanot | Seuranta	4677
373.	To 11.03.	18:30	Jokerit - TPS	2-1		Maalit | Kokoonpanot | Seuranta	7613
374.		18:30	JYP - SaiPa	7-4		Maalit | Kokoonpanot | Seuranta	3963
375.		18:30	Tappara - Pelicans	3-5		Maalit | Kokoonpanot | Seuranta	4903
376.		18:30	Ässät - KalPa	0-1		Maalit | Kokoonpanot | Seuranta	2924
377.	Pe 12.03.	18:30	HPK - Lukko	4-3		Maalit | Kokoonpanot | Seuranta	3864
378.	La 13.03.	17:00	HIFK - HPK	4-1		Maalit | Kokoonpanot | Seuranta	7010
379.		17:00	Ilves - TPS	1-3		Maalit | Kokoonpanot | Seuranta	4849
380.		18:30	JYP - Jokerit	6-1		Maalit | Kokoonpanot | Seuranta	4411
381.		17:00	KalPa - Blues	2-3		Maalit | Kokoonpanot | Seuranta	4928
382.		17:00	Kärpät - Ässät	2-3		Maalit | Kokoonpanot | Seuranta	5646
383.		17:00	Lukko - Tappara	2-6		Maalit | Kokoonpanot | Seuranta	4639
384.		17:00	SaiPa - Pelicans	4-3	VL	Maalit | Kokoonpanot | Seuranta	4387
385.	Ti 16.03.	18:30	Blues - HIFK	1-3		Maalit | Kokoonpanot | Seuranta	6091
386.		18:30	HPK - KalPa	1-5		Maalit | Kokoonpanot | Seuranta	3412
387.		18:30	Jokerit - Lukko	1-2		Maalit | Kokoonpanot | Seuranta	7653
388.		18:30	Pelicans - JYP	1-3		Maalit | Kokoonpanot | Seuranta	3484
389.		18:30	Tappara - Ilves	4-3	JA	Maalit | Kokoonpanot | Seuranta	6692
390.		18:30	TPS - Kärpät	1-2	JA	Maalit | Kokoonpanot | Seuranta	6170
391.		18:30	Ässät - SaiPa	3-5		Maalit | Kokoonpanot | Seuranta	4007
392.	To 18.03.	18:30	Blues - Jokerit	3-1		Maalit | Kokoonpanot | Seuranta	6071
393.		18:30	HIFK - Kärpät	6-0		Maalit | Kokoonpanot | Seuranta	7114
394.		18:30	Ilves - HPK	2-4		Maalit | Kokoonpanot | Seuranta	4155
395.		18:30	JYP - Ässät	2-0		Maalit | Kokoonpanot | Seuranta	4168
396.		18:30	KalPa - Tappara	3-4		Maalit | Kokoonpanot | Seuranta	4989
397.		18:30	Lukko - SaiPa	7-3		Maalit | Kokoonpanot | Seuranta	4036
398.		18:30	Pelicans - TPS	0-3		Maalit | Kokoonpanot | Seuranta	3548
399.	La 20.03.	17:00	HPK - Pelicans	4-5	VL	Maalit | Kokoonpanot | Seuranta	3527
400.		17:00	Jokerit - KalPa	3-2		Maalit | Kokoonpanot | Seuranta	10045
401.		17:00	Kärpät - Lukko	4-2		Maalit | Kokoonpanot | Seuranta	6333
402.		17:00	SaiPa - Ilves	1-5		Maalit | Kokoonpanot | Seuranta	4825
403.		17:00	Tappara - JYP	4-3	JA	Maalit | Kokoonpanot | Seuranta	7511
404.		17:00	TPS - HIFK	3-2		Maalit | Kokoonpanot | Seuranta	8082
405.		17:00	Ässät - Blues	2-4		Maalit | Kokoonpanot | Seuranta	3522